,V_TAT,C_TAT,Booking_Value,Ride_Distance,Driver_Ratings,Customer_Rating
V_TAT,1.0,0.00024934740440897844,-0.0036712659056928835,-0.011203636861318719,-0.002299773779896161,0.000573685086665342
C_TAT,0.00024934740440897844,1.0,-0.004442900692306503,7.354907674603983e-05,-0.00281451111691648,0.001015328411633806
Booking_Value,-0.0036712659056928835,-0.004442900692306503,1.0,0.0004923647603862196,-0.0013267586944132109,0.0062305710282343
Ride_Distance,-0.011203636861318719,7.354907674603983e-05,0.0004923647603862196,1.0,-0.007234696931169224,0.00987059414662971
Driver_Ratings,-0.002299773779896161,-0.00281451111691648,-0.0013267586944132109,-0.007234696931169224,1.0,-0.002806560606824152
Customer_Rating,0.000573685086665342,0.001015328411633806,0.0062305710282343,0.00987059414662971,-0.002806560606824152,1.0
