,count,mean,std,min,25%,50%,75%,max
V_TAT,63967.0,170.87695217846704,80.80363952276927,35.0,98.0,168.0,238.0,308.0
C_TAT,63967.0,84.87337220754452,36.005099638731934,25.0,55.0,85.0,115.0,145.0
Booking_Value,103024.0,548.7518830563752,536.5412206005411,100.0,242.0,386.0,621.0,2999.0
Ride_Distance,103024.0,14.189926619040223,15.776269576461187,0.0,0.0,8.0,26.0,49.0
Driver_Ratings,63967.0,3.9974565010083327,0.5768344279240275,3.0,3.5,4.0,4.5,5.0
Customer_Rating,63967.0,3.998313192740006,0.5789573671293868,3.0,3.5,4.0,4.5,5.0
